"Name","URI","Region GSS code","Period","Sales volume","Reporting period","House price index All property types","Average price All property types","Percentage change (monthly) All property types","Percentage change (yearly) All property types","House price index Detached houses","Average price Detached houses","Percentage change (monthly) Detached houses","Percentage change (yearly) Detached houses","House price index Semi-detached houses","Average price Semi-detached houses","Percentage change (monthly) Semi-detached houses","Percentage change (yearly) Semi-detached houses","House price index Terraced houses","Average price Terraced houses","Percentage change (monthly) Terraced houses","Percentage change (yearly) Terraced houses","House price index Flats and maisonettes","Average price Flats and maisonettes","Percentage change (monthly) Flats and maisonettes","Percentage change (yearly) Flats and maisonettes","Pivotable date"
City of Bristol,http://landregistry.data.gov.uk/id/region/city-of-bristol,E06000023,2017-02,560,monthly,123.83,260702,0.68,8.29,125.1,480921,0.39,8.13,123.83,309397,0.38,7.16,122.96,263079,0.67,7.47,124.81,214750,0.9,10.11,2017-02-01
City of Bristol,http://landregistry.data.gov.uk/id/region/city-of-bristol,E06000023,2017-03,650,monthly,123.8,260624,-0.03,6.88,125.04,480706,-0.04,6.72,123.71,309094,-0.1,5.91,122.79,262702,-0.14,6.1,124.99,215048,0.14,8.51,2017-03-01
City of Bristol,http://landregistry.data.gov.uk/id/region/city-of-bristol,E06000023,2017-04,559,monthly,123.41,259810,-0.31,6.04,124.54,478788,-0.4,5.61,123.19,307779,-0.43,5.38,122.28,261618,-0.41,5.15,124.84,214794,-0.12,7.66,2017-04-01
City of Bristol,http://landregistry.data.gov.uk/id/region/city-of-bristol,E06000023,2017-05,646,monthly,124.69,262509,1.04,5.05,125.43,482196,0.71,5.05,124.66,311461,1.2,4.7,123.39,263981,0.9,3.93,126.28,217276,1.16,6.72,2017-05-01
City of Bristol,http://landregistry.data.gov.uk/id/region/city-of-bristol,E06000023,2017-06,665,monthly,125.45,264092,0.6,4.85,125.5,482451,0.05,4.68,125.2,312811,0.43,4.22,124.19,265695,0.65,3.66,127.18,218818,0.71,6.81,2017-06-01
City of Bristol,http://landregistry.data.gov.uk/id/region/city-of-bristol,E06000023,2017-07,711,monthly,128.32,270151,2.29,4.6,127.96,491939,1.97,4.29,128.17,320245,2.38,4.22,127.03,271786,2.29,3.5,130.09,223833,2.29,6.3,2017-07-01
City of Bristol,http://landregistry.data.gov.uk/id/region/city-of-bristol,E06000023,2017-08,771,monthly,129.66,272960,1.04,4.29,129.25,496870,1.0,3.61,129.51,323583,1.04,3.87,128.68,275316,1.3,3.52,131.05,225474,0.73,5.66,2017-08-01
City of Bristol,http://landregistry.data.gov.uk/id/region/city-of-bristol,E06000023,2017-09,660,monthly,131.25,276303,1.22,4.97,131.34,504920,1.62,4.73,131.39,328288,1.45,4.74,130.32,278809,1.27,4.29,132.35,227718,1.0,6.06,2017-09-01
City of Bristol,http://landregistry.data.gov.uk/id/region/city-of-bristol,E06000023,2017-10,688,monthly,131.2,276201,-0.04,5.15,131.84,506829,0.38,4.89,131.73,329130,0.26,5.07,130.27,278717,-0.03,4.73,132.01,227138,-0.25,5.78,2017-10-01
City of Bristol,http://landregistry.data.gov.uk/id/region/city-of-bristol,E06000023,2017-11,758,monthly,130.39,274509,-0.61,5.82,131.41,505180,-0.33,5.37,131.26,327941,-0.36,5.9,129.39,276828,-0.68,5.57,131.08,225527,-0.71,6.15,2017-11-01
City of Bristol,http://landregistry.data.gov.uk/id/region/city-of-bristol,E06000023,2017-12,633,monthly,130.53,274797,0.1,5.94,131.53,505660,0.1,5.32,131.72,329093,0.35,6.38,129.66,277408,0.21,5.98,130.87,225175,-0.16,5.71,2017-12-01
City of Bristol,http://landregistry.data.gov.uk/id/region/city-of-bristol,E06000023,2018-01,523,monthly,130.8,275365,0.21,6.35,131.58,505821,0.03,5.59,132.0,329808,0.22,7.0,129.93,277990,0.21,6.37,131.16,225669,0.22,6.03,2018-01-01
City of Bristol,http://landregistry.data.gov.uk/id/region/city-of-bristol,E06000023,2018-02,518,monthly,131.48,276788,0.52,6.17,132.44,509151,0.66,5.87,132.73,331627,0.55,7.18,130.7,279635,0.59,6.29,131.68,226561,0.4,5.5,2018-02-01
City of Bristol,http://landregistry.data.gov.uk/id/region/city-of-bristol,E06000023,2018-03,634,monthly,131.35,276528,-0.09,6.1,132.31,508644,-0.1,5.81,132.64,331392,-0.07,7.21,130.66,279553,-0.03,6.41,131.45,226161,-0.18,5.17,2018-03-01
City of Bristol,http://landregistry.data.gov.uk/id/region/city-of-bristol,E06000023,2018-04,473,monthly,130.69,275140,-0.5,5.9,131.84,506854,-0.35,5.86,132.21,330334,-0.32,7.33,130.46,279113,-0.16,6.69,130.1,223848,-1.02,4.22,2018-04-01
City of Bristol,http://landregistry.data.gov.uk/id/region/city-of-bristol,E06000023,2018-05,560,monthly,129.86,273390,-0.64,4.14,131.09,503938,-0.58,4.51,131.66,328955,-0.42,5.62,129.82,277745,-0.49,5.21,128.88,221748,-0.94,2.06,2018-05-01
City of Bristol,http://landregistry.data.gov.uk/id/region/city-of-bristol,E06000023,2018-06,592,monthly,130.2,274109,0.26,3.79,131.7,506284,0.47,4.94,132.3,330564,0.49,5.68,130.18,278520,0.28,4.83,129.0,221951,0.09,1.43,2018-06-01
City of Bristol,http://landregistry.data.gov.uk/id/region/city-of-bristol,E06000023,2018-07,692,monthly,131.94,277763,1.33,2.82,133.82,514431,1.61,4.57,134.08,335003,1.34,4.61,131.86,282119,1.29,3.8,130.73,224935,1.34,0.49,2018-07-01
City of Bristol,http://landregistry.data.gov.uk/id/region/city-of-bristol,E06000023,2018-08,755,monthly,134.33,282807,1.82,3.61,136.29,523948,1.85,5.45,136.44,340908,1.76,5.35,134.32,287384,1.87,4.38,133.06,228946,1.78,1.54,2018-08-01
City of Bristol,http://landregistry.data.gov.uk/id/region/city-of-bristol,E06000023,2018-09,522,monthly,135.29,284807,0.71,3.08,137.35,528003,0.77,4.57,137.23,342867,0.57,4.44,135.31,289502,0.74,3.84,134.05,230643,0.74,1.28,2018-09-01
City of Bristol,http://landregistry.data.gov.uk/id/region/city-of-bristol,E06000023,2018-10,692,monthly,133.96,282017,-0.98,2.11,136.02,522895,-0.97,3.17,135.93,339627,-0.94,3.19,133.87,286402,-1.07,2.76,132.85,228580,-0.89,0.63,2018-10-01
City of Bristol,http://landregistry.data.gov.uk/id/region/city-of-bristol,E06000023,2018-11,682,monthly,133.39,280824,-0.42,2.3,136.1,523210,0.06,3.57,135.67,338969,-0.19,3.36,133.38,285353,-0.37,3.08,131.96,227042,-0.67,0.67,2018-11-01
City of Bristol,http://landregistry.data.gov.uk/id/region/city-of-bristol,E06000023,2018-12,636,monthly,133.26,280540,-0.1,2.09,136.06,523067,-0.03,3.44,135.93,339626,0.19,3.2,133.17,284904,-0.16,2.7,131.68,226560,-0.21,0.61,2018-12-01
City of Bristol,http://landregistry.data.gov.uk/id/region/city-of-bristol,E06000023,2019-01,516,monthly,133.07,280143,-0.14,1.74,136.15,523389,0.06,3.47,135.92,339603,-0.01,2.97,132.96,284473,-0.15,2.33,131.37,226038,-0.23,0.16,2019-01-01
City of Bristol,http://landregistry.data.gov.uk/id/region/city-of-bristol,E06000023,2019-02,456,monthly,132.07,278034,-0.75,0.45,135.01,519038,-0.83,1.94,134.83,336880,-0.8,1.58,131.66,281692,-0.98,0.74,130.77,225007,-0.46,-0.69,2019-02-01
City of Bristol,http://landregistry.data.gov.uk/id/region/city-of-bristol,E06000023,2019-03,538,monthly,131.44,276709,-0.48,0.07,134.48,516979,-0.4,1.64,134.28,335505,-0.41,1.24,131.25,280807,-0.31,0.45,129.85,223420,-0.71,-1.21,2019-03-01
City of Bristol,http://landregistry.data.gov.uk/id/region/city-of-bristol,E06000023,2019-04,441,monthly,132.27,278452,0.63,1.2,134.96,518834,0.36,2.36,134.97,337229,0.51,2.09,132.29,283026,0.79,1.4,130.56,224633,0.54,0.35,2019-04-01
City of Bristol,http://landregistry.data.gov.uk/id/region/city-of-bristol,E06000023,2019-05,564,monthly,131.52,276878,-0.57,1.28,133.77,514263,-0.88,2.05,134.33,335612,-0.48,2.02,132.0,282404,-0.22,1.68,129.29,222458,-0.97,0.32,2019-05-01
City of Bristol,http://landregistry.data.gov.uk/id/region/city-of-bristol,E06000023,2019-06,502,monthly,130.71,275180,-0.61,0.39,132.68,510059,-0.82,0.75,133.49,333533,-0.62,0.9,131.21,280725,-0.59,0.79,128.51,221109,-0.61,-0.38,2019-06-01
City of Bristol,http://landregistry.data.gov.uk/id/region/city-of-bristol,E06000023,2019-07,622,monthly,130.69,275142,-0.01,-0.94,132.34,508778,-0.25,-1.1,133.41,333318,-0.06,-0.5,131.18,280652,-0.03,-0.52,128.58,221236,0.06,-1.64,2019-07-01
City of Bristol,http://landregistry.data.gov.uk/id/region/city-of-bristol,E06000023,2019-08,649,monthly,133.58,281223,2.21,-0.56,135.35,520335,2.27,-0.69,136.38,340743,2.23,-0.05,134.23,287192,2.33,-0.07,131.23,225786,2.06,-1.38,2019-08-01
City of Bristol,http://landregistry.data.gov.uk/id/region/city-of-bristol,E06000023,2019-09,597,monthly,136.04,286390,1.84,0.56,137.84,529920,1.84,0.36,138.53,346127,1.58,0.95,136.83,292755,1.94,1.12,133.67,229992,1.86,-0.28,2019-09-01
City of Bristol,http://landregistry.data.gov.uk/id/region/city-of-bristol,E06000023,2019-10,635,monthly,136.81,288015,0.57,2.13,139.09,534698,0.9,2.26,140.02,349846,1.07,3.01,137.73,294665,0.65,2.89,133.88,230342,0.15,0.77,2019-10-01
City of Bristol,http://landregistry.data.gov.uk/id/region/city-of-bristol,E06000023,2019-11,638,monthly,135.77,285827,-0.76,1.78,138.41,532090,-0.49,1.7,139.43,348373,-0.42,2.77,136.63,292314,-0.8,2.44,132.63,228194,-0.93,0.51,2019-11-01
City of Bristol,http://landregistry.data.gov.uk/id/region/city-of-bristol,E06000023,2019-12,543,monthly,135.23,284685,-0.4,1.48,138.37,531936,-0.03,1.7,139.49,348510,0.04,2.62,136.21,291419,-0.31,2.29,131.57,226383,-0.79,-0.08,2019-12-01
City of Bristol,http://landregistry.data.gov.uk/id/region/city-of-bristol,E06000023,2020-01,533,monthly,134.23,282596,-0.73,0.88,137.39,528193,-0.7,0.92,138.37,345711,-0.8,1.8,135.37,289629,-0.61,1.81,130.47,224488,-0.84,-0.69,2020-01-01
City of Bristol,http://landregistry.data.gov.uk/id/region/city-of-bristol,E06000023,2020-02,458,monthly,134.56,283290,0.25,1.89,138.14,531063,0.54,2.32,138.68,346500,0.23,2.86,135.88,290713,0.37,3.2,130.53,224593,0.05,-0.18,2020-02-01
City of Bristol,http://landregistry.data.gov.uk/id/region/city-of-bristol,E06000023,2020-03,482,monthly,134.57,283293,0.0,2.38,138.26,531509,0.08,2.81,138.73,346623,0.04,3.31,135.91,290769,0.02,3.55,130.46,224462,-0.06,0.47,2020-03-01
City of Bristol,http://landregistry.data.gov.uk/id/region/city-of-bristol,E06000023,2020-04,169,monthly,135.52,285297,0.71,2.46,140.16,538806,1.37,3.85,139.88,349482,0.83,3.63,137.16,293448,0.92,3.68,130.82,225091,0.28,0.2,2020-04-01
City of Bristol,http://landregistry.data.gov.uk/id/region/city-of-bristol,E06000023,2020-05,289,monthly,136.19,286720,0.5,3.55,140.83,541400,0.48,5.28,140.59,351265,0.51,4.66,137.57,294318,0.3,4.22,131.79,226750,0.74,1.93,2020-05-01
City of Bristol,http://landregistry.data.gov.uk/id/region/city-of-bristol,E06000023,2020-06,355,monthly,137.81,290122,1.19,5.43,142.16,546514,0.94,7.15,142.25,355416,1.18,6.56,139.44,298319,1.36,6.27,133.13,229059,1.02,3.6,2020-06-01
City of Bristol,http://landregistry.data.gov.uk/id/region/city-of-bristol,E06000023,2020-07,453,monthly,138.28,291111,0.34,5.8,141.68,544662,-0.34,7.05,142.54,356131,0.2,6.84,139.86,299229,0.3,6.62,133.89,230375,0.57,4.13,2020-07-01
City of Bristol,http://landregistry.data.gov.uk/id/region/city-of-bristol,E06000023,2020-08,422,monthly,140.31,295380,1.47,5.03,143.71,552452,1.43,6.17,144.81,361805,1.59,6.18,142.4,304671,1.82,6.09,135.2,232615,0.97,3.02,2020-08-01
City of Bristol,http://landregistry.data.gov.uk/id/region/city-of-bristol,E06000023,2020-09,453,monthly,141.08,297007,0.55,3.71,145.03,557552,0.92,5.21,145.76,364171,0.65,5.21,143.3,306581,0.63,4.72,135.65,233403,0.34,1.48,2020-09-01
City of Bristol,http://landregistry.data.gov.uk/id/region/city-of-bristol,E06000023,2020-10,600,monthly,143.31,301703,1.58,4.75,147.96,568819,2.02,6.38,148.25,370397,1.71,5.87,145.81,311966,1.76,5.87,137.32,236262,1.22,2.57,2020-10-01
City of Bristol,http://landregistry.data.gov.uk/id/region/city-of-bristol,E06000023,2020-11,589,monthly,143.86,302855,0.38,5.96,148.63,571377,0.45,7.38,148.56,371186,0.21,6.55,146.47,313369,0.45,7.2,137.87,237207,0.4,3.95,2020-11-01
City of Bristol,http://landregistry.data.gov.uk/id/region/city-of-bristol,E06000023,2020-12,659,monthly,145.41,306119,1.08,7.53,150.22,577504,1.07,8.57,150.11,375056,1.04,7.62,148.32,317327,1.26,8.89,139.08,239296,0.88,5.7,2020-12-01
City of Bristol,http://landregistry.data.gov.uk/id/region/city-of-bristol,E06000023,2021-01,536,monthly,146.31,308010,0.62,8.99,151.09,580860,0.58,9.97,151.21,377789,0.73,9.28,149.21,319230,0.6,10.22,139.88,240668,0.57,7.21,2021-01-01
City of Bristol,http://landregistry.data.gov.uk/id/region/city-of-bristol,E06000023,2021-02,728,monthly,146.64,308707,0.23,8.97,151.42,582122,0.22,9.61,151.85,379409,0.43,9.5,149.72,320332,0.35,10.19,139.77,240484,-0.08,7.08,2021-02-01
City of Bristol,http://landregistry.data.gov.uk/id/region/city-of-bristol,E06000023,2021-03,1003,monthly,147.5,310523,0.59,9.61,152.23,585242,0.54,10.11,153.01,382301,0.76,10.29,150.72,322460,0.66,10.9,140.26,241329,0.35,7.51,2021-03-01
City of Bristol,http://landregistry.data.gov.uk/id/region/city-of-bristol,E06000023,2021-04,639,monthly,147.36,310229,-0.09,8.74,152.59,586622,0.24,8.87,153.06,382409,0.03,9.42,150.75,322518,0.02,9.91,139.7,240368,-0.4,6.79,2021-04-01
City of Bristol,http://landregistry.data.gov.uk/id/region/city-of-bristol,E06000023,2021-05,484,monthly,147.52,310571,0.11,8.32,153.28,589256,0.45,8.84,153.47,383442,0.27,9.16,150.92,322888,0.11,9.71,139.6,240185,-0.08,5.93,2021-05-01
City of Bristol,http://landregistry.data.gov.uk/id/region/city-of-bristol,E06000023,2021-06,1220,monthly,149.38,314485,1.26,8.4,155.33,597131,1.34,9.26,155.46,388423,1.3,9.29,153.22,327807,1.52,9.88,140.8,242255,0.86,5.76,2021-06-01
City of Bristol,http://landregistry.data.gov.uk/id/region/city-of-bristol,E06000023,2021-07,308,monthly,147.35,310205,-1.36,6.56,154.14,592560,-0.77,8.79,153.42,383319,-1.31,7.63,150.63,322278,-1.69,7.7,139.33,239733,-1.04,4.06,2021-07-01
City of Bristol,http://landregistry.data.gov.uk/id/region/city-of-bristol,E06000023,2021-08,438,monthly,148.24,312081,0.6,5.65,156.3,600876,1.4,8.77,154.99,387231,1.02,7.03,151.58,324297,0.63,6.44,139.51,240037,0.13,3.19,2021-08-01
City of Bristol,http://landregistry.data.gov.uk/id/region/city-of-bristol,E06000023,2021-09,934,monthly,147.49,310491,-0.51,4.54,156.56,601853,0.16,7.95,154.7,386524,-0.18,6.14,150.54,322086,-0.68,5.06,138.62,238497,-0.64,2.18,2021-09-01
City of Bristol,http://landregistry.data.gov.uk/id/region/city-of-bristol,E06000023,2021-10,322,monthly,150.65,317149,2.14,5.12,161.18,619612,2.95,8.93,158.62,396320,2.53,7.0,154.02,329526,2.31,5.63,140.66,242014,1.47,2.43,2021-10-01
City of Bristol,http://landregistry.data.gov.uk/id/region/city-of-bristol,E06000023,2021-11,327,monthly,152.37,320768,1.14,5.91,163.26,627644,1.3,9.85,160.32,400571,1.07,7.92,155.51,332720,0.97,6.18,142.64,245416,1.41,3.46,2021-11-01
City of Bristol,http://landregistry.data.gov.uk/id/region/city-of-bristol,E06000023,2021-12,283,monthly,152.93,321945,0.37,5.17,164.73,633267,0.9,9.66,160.93,402074,0.38,7.2,156.06,333886,0.35,5.22,143.06,246143,0.3,2.86,2021-12-01
City of Bristol,http://landregistry.data.gov.uk/id/region/city-of-bristol,E06000023,2022-01,,monthly,156.43,329327,2.29,6.92,167.19,642719,1.49,10.65,164.44,410865,2.19,8.76,159.93,342177,2.48,7.19,146.27,251672,2.25,4.57,2022-01-01
City of Bristol,http://landregistry.data.gov.uk/id/region/city-of-bristol,E06000023,2022-02,,monthly,158.66,334010,1.42,8.2,169.54,651773,1.41,11.96,166.83,416833,1.45,9.86,162.09,346794,1.35,8.26,148.53,255554,1.54,6.27,2022-02-01
